ts,iso,open,high,low,close,vol
1761457500000,2025-10-26T05:45:00.000Z,3945.42,3947.23,3942.45,3942.96,239.542863
1761458400000,2025-10-26T06:00:00.000Z,3942.8,3943.64,3938.86,3941.03,207.019419
1761459300000,2025-10-26T06:15:00.000Z,3941.03,3945.57,3939.4,3945.57,225.165708
1761460200000,2025-10-26T06:30:00.000Z,3945.6,3946.35,3942.4,3944.27,103.84698
1761461100000,2025-10-26T06:45:00.000Z,3944.27,3945.59,3942.73,3944.64,137.780114
1761462000000,2025-10-26T07:00:00.000Z,3944.64,3945.91,3942.54,3945.52,97.94662
1761462900000,2025-10-26T07:15:00.000Z,3945.36,3946.75,3941.24,3941.99,386.662107
1761463800000,2025-10-26T07:30:00.000Z,3941.99,3950.67,3941.89,3950.07,573.307557
1761464700000,2025-10-26T07:45:00.000Z,3950.07,3956.18,3950.06,3951.43,419.019824
1761465600000,2025-10-26T08:00:00.000Z,3951.43,3956.66,3951.19,3955.64,196.91523
1761466500000,2025-10-26T08:15:00.000Z,3955.64,3956.66,3950.76,3954.6,229.330876
1761467400000,2025-10-26T08:30:00.000Z,3954.61,3957.19,3950.46,3957.19,298.062649
1761468300000,2025-10-26T08:45:00.000Z,3957.2,3968.27,3956.39,3959.71,1269.596628
1761469200000,2025-10-26T09:00:00.000Z,3959.72,3961.19,3956.41,3958.37,148.972382
1761470100000,2025-10-26T09:15:00.000Z,3958.36,4005.51,3958.36,4003.51,5272.795938
1761471000000,2025-10-26T09:30:00.000Z,4003.52,4011.63,3983.42,3988.79,3658.470003
1761471900000,2025-10-26T09:45:00.000Z,3988.79,3991.88,3978.34,3987.6,1103.01683
1761472800000,2025-10-26T10:00:00.000Z,3987.61,3990.12,3977.07,3985.15,1030.705434
1761473700000,2025-10-26T10:15:00.000Z,3985.14,3986.24,3977.19,3981.38,783.048898
1761474600000,2025-10-26T10:30:00.000Z,3981.37,3984,3974.6,3983.5,494.241224
1761475500000,2025-10-26T10:45:00.000Z,3983.5,3988,3979.6,3983.37,772.619485
1761476400000,2025-10-26T11:00:00.000Z,3983.37,3985.57,3976.25,3981.55,627.733534
1761477300000,2025-10-26T11:15:00.000Z,3981.22,4006.4,3981.21,4001.28,2028.779521
1761478200000,2025-10-26T11:30:00.000Z,4001.29,4048.5,4001.29,4042.79,7859.526704
1761479100000,2025-10-26T11:45:00.000Z,4042.78,4057.19,4025.31,4045.12,3458.467127
1761480000000,2025-10-26T12:00:00.000Z,4044.95,4059,4041.1,4047.96,2280.687557
1761480900000,2025-10-26T12:15:00.000Z,4047.97,4061,4044.79,4053.84,1763.694563
1761481800000,2025-10-26T12:30:00.000Z,4053.84,4066.66,4048.28,4049.05,1930.480806
1761482700000,2025-10-26T12:45:00.000Z,4049.41,4078.02,4049.41,4073.02,5072.735503
1761483600000,2025-10-26T13:00:00.000Z,4073.02,4079.99,4066,4070.73,1568.796641
1761484500000,2025-10-26T13:15:00.000Z,4070.72,4082.99,4061.31,4080.26,1842.294498
1761485400000,2025-10-26T13:30:00.000Z,4080.27,4100,4075.5,4091.13,3119.868302
1761486300000,2025-10-26T13:45:00.000Z,4091.12,4098.38,4080.4,4083.57,1515.183731
1761487200000,2025-10-26T14:00:00.000Z,4083.59,4090.85,4078.99,4086.57,1099.936388
1761488100000,2025-10-26T14:15:00.000Z,4086.28,4089.31,4071.8,4077.48,1359.939849
1761489000000,2025-10-26T14:30:00.000Z,4077.47,4083.2,4073.01,4077.14,878.279377
1761489900000,2025-10-26T14:45:00.000Z,4077.15,4077.16,4063,4066.73,1407.846494
1761490800000,2025-10-26T15:00:00.000Z,4066.73,4070.19,4059.2,4070.19,1298.009586
1761491700000,2025-10-26T15:15:00.000Z,4070.18,4076.42,4063.03,4074.26,1008.237437
1761492600000,2025-10-26T15:30:00.000Z,4074.26,4077.27,4064,4068.48,855.282542
1761493500000,2025-10-26T15:45:00.000Z,4068.49,4076.19,4068.43,4074.82,931.587103
1761494400000,2025-10-26T16:00:00.000Z,4074.83,4075.84,4058.89,4060.09,999.817817
1761495300000,2025-10-26T16:15:00.000Z,4060.1,4060.1,4045.83,4054.49,1748.743651
1761496200000,2025-10-26T16:30:00.000Z,4054.49,4063.87,4049.32,4061.63,628.287685
1761497100000,2025-10-26T16:45:00.000Z,4061.63,4064.84,4051.32,4055.49,745.405503
1761498000000,2025-10-26T17:00:00.000Z,4055.5,4066.04,4053.28,4061.59,795.511965
1761498900000,2025-10-26T17:15:00.000Z,4061.58,4068.68,4059.24,4064.01,344.179844
1761499800000,2025-10-26T17:30:00.000Z,4064.01,4067.2,4062.07,4064.81,174.567003
1761500700000,2025-10-26T17:45:00.000Z,4064.81,4068,4058.35,4059.4,299.542127
1761501600000,2025-10-26T18:00:00.000Z,4059.4,4075.39,4058,4071.22,1339.224849
1761502500000,2025-10-26T18:15:00.000Z,4071.22,4080.27,4065.28,4066.51,974.380349
1761503400000,2025-10-26T18:30:00.000Z,4066.5,4075.6,4065.83,4073.67,589.716306
1761504300000,2025-10-26T18:45:00.000Z,4073.66,4078.95,4070.61,4071.88,430.919318
1761505200000,2025-10-26T19:00:00.000Z,4071.89,4072.12,4064.72,4068.56,587.830356
1761506100000,2025-10-26T19:15:00.000Z,4068.56,4072.23,4063.86,4070.58,688.999121
1761507000000,2025-10-26T19:30:00.000Z,4070.58,4071.74,4065.9,4067.38,438.511101
1761507900000,2025-10-26T19:45:00.000Z,4067.39,4068.51,4064.83,4067.49,238.301199
1761508800000,2025-10-26T20:00:00.000Z,4067.49,4067.49,4058.2,4063.24,479.866261
1761509700000,2025-10-26T20:15:00.000Z,4063.45,4066.27,4054.1,4061.34,939.171631
1761510600000,2025-10-26T20:30:00.000Z,4061.34,4073.21,4061.34,4070.78,697.758567
1761511500000,2025-10-26T20:45:00.000Z,4070.77,4071.42,4061.21,4061.21,365.475003
1761512400000,2025-10-26T21:00:00.000Z,4061.66,4071.76,4061.66,4070.69,503.662027
1761513300000,2025-10-26T21:15:00.000Z,4070.81,4071.79,4057.62,4061.62,384.598368
1761514200000,2025-10-26T21:30:00.000Z,4061.61,4096.6,4055.01,4080.15,1644.419928
1761515100000,2025-10-26T21:45:00.000Z,4080.16,4089.6,4077.01,4080.66,380.903921
1761516000000,2025-10-26T22:00:00.000Z,4080.67,4180.82,4080.67,4133.57,19291.325165
1761516900000,2025-10-26T22:15:00.000Z,4133.57,4142.93,4126.86,4137.02,1929.62436
1761517800000,2025-10-26T22:30:00.000Z,4137,4158.68,4137,4154.09,2807.900968
1761518700000,2025-10-26T22:45:00.000Z,4154.1,4169.99,4154.1,4160.77,2099.995563
1761519600000,2025-10-26T23:00:00.000Z,4160.78,4174.22,4148.5,4161.61,2395.31864
1761520500000,2025-10-26T23:15:00.000Z,4161.6,4173.72,4159.58,4162.93,1299.82683
1761521400000,2025-10-26T23:30:00.000Z,4162.64,4179.2,4161.61,4171.79,1245.318437
1761522300000,2025-10-26T23:45:00.000Z,4171.5,4176,4154.7,4159.27,2014.182575
1761523200000,2025-10-27T00:00:00.000Z,4159.41,4168.8,4147.9,4167.18,1715.12179
1761524100000,2025-10-27T00:15:00.000Z,4167.47,4175,4163.72,4172.92,1549.690339
1761525000000,2025-10-27T00:30:00.000Z,4172.92,4190,4169.5,4181.98,3500.6858
1761525900000,2025-10-27T00:45:00.000Z,4181.84,4183.53,4163.51,4170.44,2411.633226
1761526800000,2025-10-27T01:00:00.000Z,4170.22,4179.34,4167.21,4173.47,1616.84798
1761527700000,2025-10-27T01:15:00.000Z,4173.43,4194.84,4168.62,4185.07,6152.765143
1761528600000,2025-10-27T01:30:00.000Z,4185.08,4208.57,4182,4186.11,6627.284022
1761529500000,2025-10-27T01:45:00.000Z,4186.11,4196.77,4184.62,4191.85,1723.005948
1761530400000,2025-10-27T02:00:00.000Z,4192,4207.04,4191.43,4201.44,1524.145568
1761531300000,2025-10-27T02:15:00.000Z,4201.44,4218.98,4195.04,4196.5,3886.730822
1761532200000,2025-10-27T02:30:00.000Z,4196.5,4212.2,4184.08,4211.69,1797.865689
1761533100000,2025-10-27T02:45:00.000Z,4211.69,4212.01,4200.01,4205.47,1250.959697
1761534000000,2025-10-27T03:00:00.000Z,4205.25,4218.94,4200.64,4210.51,1489.607501
1761534900000,2025-10-27T03:15:00.000Z,4210.51,4226,4206.94,4209.16,2103.530792
1761535800000,2025-10-27T03:30:00.000Z,4209.15,4214.99,4200.1,4202.54,1294.685705
1761536700000,2025-10-27T03:45:00.000Z,4202.33,4208.3,4200.59,4204.69,865.538496
1761537600000,2025-10-27T04:00:00.000Z,4204.92,4206.95,4194.71,4200.6,1245.565352
1761538500000,2025-10-27T04:15:00.000Z,4200.59,4206.39,4193.89,4201.58,1199.610067
1761539400000,2025-10-27T04:30:00.000Z,4201.57,4213,4196.46,4211.49,909.653614
1761540300000,2025-10-27T04:45:00.000Z,4211.5,4217.65,4211.21,4213.18,998.483432
1761541200000,2025-10-27T05:00:00.000Z,4213.18,4237.5,4210.07,4230.01,2375.918336
1761542100000,2025-10-27T05:15:00.000Z,4230.01,4254.04,4228.8,4247.57,4120.731377
1761543000000,2025-10-27T05:30:00.000Z,4247.57,4248.64,4226.73,4231.58,1656.291085
1761543900000,2025-10-27T05:45:00.000Z,4231.58,4238.2,4225.16,4233.29,1753.570489
1761544800000,2025-10-27T06:00:00.000Z,4233.3,4235.63,4223.19,4231.54,1145.327188
1761545700000,2025-10-27T06:15:00.000Z,4231.53,4245.53,4227.71,4244.31,1461.620849
1761546600000,2025-10-27T06:30:00.000Z,4244.32,4245.19,4223.27,4225.82,1155.485874
1761547500000,2025-10-27T06:45:00.000Z,4225.87,4239.74,4224.21,4235.32,1100.149868
1761548400000,2025-10-27T07:00:00.000Z,4235.31,4247.33,4225,4225.62,2403.246849
1761549300000,2025-10-27T07:15:00.000Z,4225.62,4229.54,4219.39,4221.07,1954.709609
1761550200000,2025-10-27T07:30:00.000Z,4221.07,4221.41,4196,4206.49,3728.91122
1761551100000,2025-10-27T07:45:00.000Z,4206.49,4214.57,4197.81,4201.27,4083.885608
1761552000000,2025-10-27T08:00:00.000Z,4201.27,4201.47,4185.51,4187.98,1636.585491
1761552900000,2025-10-27T08:15:00.000Z,4187.99,4197.71,4155.42,4160.61,4485.823344
1761553800000,2025-10-27T08:30:00.000Z,4160.62,4182.91,4160.62,4179.62,2033.224737
1761554700000,2025-10-27T08:45:00.000Z,4179.87,4179.87,4158.38,4166.58,2787.482644
1761555600000,2025-10-27T09:00:00.000Z,4166.57,4169.99,4154.16,4166.2,1903.132073
1761556500000,2025-10-27T09:15:00.000Z,4166.46,4171.7,4154.64,4160.56,1509.332734
1761557400000,2025-10-27T09:30:00.000Z,4160.56,4173.44,4158.51,4170.46,1098.275627
1761558300000,2025-10-27T09:45:00.000Z,4170.45,4170.45,4158.51,4160.23,808.657923
1761559200000,2025-10-27T10:00:00.000Z,4160.24,4167.93,4155,4165.53,1190.356953
1761560100000,2025-10-27T10:15:00.000Z,4165.53,4174.29,4165,4172.04,870.686871
1761561000000,2025-10-27T10:30:00.000Z,4172.03,4175.54,4168,4168.99,539.951104
1761561900000,2025-10-27T10:45:00.000Z,4168.99,4173.12,4163.41,4167.34,1082.239025
1761562800000,2025-10-27T11:00:00.000Z,4167.35,4175.89,4166.52,4169.59,837.738213
1761563700000,2025-10-27T11:15:00.000Z,4169.59,4173.5,4132.56,4148.95,4715.429364
1761564600000,2025-10-27T11:30:00.000Z,4148.95,4165.13,4142,4161.63,1556.067233
1761565500000,2025-10-27T11:45:00.000Z,4161.62,4163.52,4153.29,4162.52,860.488038
1761566400000,2025-10-27T12:00:00.000Z,4162.52,4167.27,4156.15,4159.22,873.757045
1761567300000,2025-10-27T12:15:00.000Z,4159.21,4159.65,4150.83,4153.67,967.058176
1761568200000,2025-10-27T12:30:00.000Z,4153.59,4155.58,4138.01,4150.01,1973.518919
1761569100000,2025-10-27T12:45:00.000Z,4150,4151.99,4142.94,4145.54,555.508174
1761570000000,2025-10-27T13:00:00.000Z,4145.54,4169,4143.1,4161.29,1306.332608
1761570900000,2025-10-27T13:15:00.000Z,4161.18,4170.19,4159.76,4163.69,675.817078
1761571800000,2025-10-27T13:30:00.000Z,4163.67,4169.59,4126.35,4147.43,2766.529609
1761572700000,2025-10-27T13:45:00.000Z,4147.43,4187.84,4142.05,4177.98,3468.122846
1761573600000,2025-10-27T14:00:00.000Z,4177.99,4183.53,4139.4,4149.38,3613.29668
1761574500000,2025-10-27T14:15:00.000Z,4149.57,4152.53,4122.51,4147.44,2308.145938
1761575400000,2025-10-27T14:30:00.000Z,4147.44,4161.8,4136.06,4147.74,2572.139022
1761576300000,2025-10-27T14:45:00.000Z,4147.97,4153.27,4139.27,4149.24,1415.535875
1761577200000,2025-10-27T15:00:00.000Z,4149.24,4169.6,4147.78,4169.6,1514.538522
1761578100000,2025-10-27T15:15:00.000Z,4169.61,4170.97,4155.07,4166.09,1719.261232
1761579000000,2025-10-27T15:30:00.000Z,4166.35,4173.41,4161.28,4162.95,786.138929
1761579900000,2025-10-27T15:45:00.000Z,4162.9,4175.7,4162.9,4173.26,671.238512
1761580800000,2025-10-27T16:00:00.000Z,4173.26,4194.65,4172.75,4187.11,2986.166811
1761581700000,2025-10-27T16:15:00.000Z,4187.11,4197.64,4183.54,4192.25,1926.91332
1761582600000,2025-10-27T16:30:00.000Z,4192.25,4218.13,4188.85,4205.61,2486.585386
1761583500000,2025-10-27T16:45:00.000Z,4205.61,4219.93,4204.12,4214.28,2277.10212
1761584400000,2025-10-27T17:00:00.000Z,4214.28,4219.99,4208.79,4218.86,1122.8038
1761585300000,2025-10-27T17:15:00.000Z,4218.85,4222,4202.85,4202.85,1418.489554
1761586200000,2025-10-27T17:30:00.000Z,4203.84,4220.46,4198.8,4217.11,1318.740725
1761587100000,2025-10-27T17:45:00.000Z,4217.1,4225.77,4210.86,4221.27,837.781672
1761588000000,2025-10-27T18:00:00.000Z,4221.27,4233.32,4213.51,4230.37,889.542307
1761588900000,2025-10-27T18:15:00.000Z,4230.38,4233.45,4205.62,4210.07,1198.674093
1761589800000,2025-10-27T18:30:00.000Z,4210.08,4221.64,4208.48,4218.58,1178.677664
1761590700000,2025-10-27T18:45:00.000Z,4218.58,4224.99,4214.53,4214.57,583.987949
1761591600000,2025-10-27T19:00:00.000Z,4214.57,4217.49,4185,4216.38,2268.882428
1761592500000,2025-10-27T19:15:00.000Z,4216.38,4220.65,4207.5,4213.49,1060.040805
1761593400000,2025-10-27T19:30:00.000Z,4213.43,4213.54,4191.65,4199.48,1384.377072
1761594300000,2025-10-27T19:45:00.000Z,4199.69,4205.73,4187.26,4193.67,1247.509264
1761595200000,2025-10-27T20:00:00.000Z,4193.69,4195.82,4142.85,4150.56,5157.67377
1761596100000,2025-10-27T20:15:00.000Z,4150.56,4165.27,4145.1,4151.51,1069.448657
1761597000000,2025-10-27T20:30:00.000Z,4151.52,4153.84,4138.46,4140.89,1939.272751
1761597900000,2025-10-27T20:45:00.000Z,4140.89,4142.46,4126.01,4128.46,2119.313364
1761598800000,2025-10-27T21:00:00.000Z,4128.46,4139.15,4126.43,4127.92,838.350141
1761599700000,2025-10-27T21:15:00.000Z,4127.92,4132.98,4094,4109,3982.909245
1761600600000,2025-10-27T21:30:00.000Z,4109.01,4131.34,4108.01,4122.99,1239.439533
1761601500000,2025-10-27T21:45:00.000Z,4123,4140,4115.61,4116.99,1221.175852
1761602400000,2025-10-27T22:00:00.000Z,4116.99,4132.67,4110.87,4130.8,2339.771532
1761603300000,2025-10-27T22:15:00.000Z,4130.8,4144.32,4128.02,4136.16,1242.408241
1761604200000,2025-10-27T22:30:00.000Z,4136.15,4137.49,4119.77,4121.32,893.746312
1761605100000,2025-10-27T22:45:00.000Z,4121.32,4133.04,4118.3,4123.5,1790.715932
1761606000000,2025-10-27T23:00:00.000Z,4123.5,4124.14,4108.01,4115.71,1135.352167
1761606900000,2025-10-27T23:15:00.000Z,4115.71,4117.09,4103.24,4112.99,1338.661907
1761607800000,2025-10-27T23:30:00.000Z,4112.99,4127.77,4112.06,4126.22,1476.182087
1761608700000,2025-10-27T23:45:00.000Z,4126.21,4128.32,4117.85,4120.39,611.038573
1761609600000,2025-10-28T00:00:00.000Z,4120.39,4126.91,4107.16,4120.89,2279.554013
1761610500000,2025-10-28T00:15:00.000Z,4120.71,4134.05,4118.19,4127.03,969.822521
1761611400000,2025-10-28T00:30:00.000Z,4127.03,4127.03,4112.09,4120.08,1224.748541
1761612300000,2025-10-28T00:45:00.000Z,4120.07,4123.46,4106.97,4115.4,3267.312604
1761613200000,2025-10-28T01:00:00.000Z,4115.4,4129,4115.4,4127.39,1024.782982
1761614100000,2025-10-28T01:15:00.000Z,4127.4,4133.57,4123.2,4129.94,1719.662485
1761615000000,2025-10-28T01:30:00.000Z,4129.93,4141.39,4121.78,4137.99,1332.247683
1761615900000,2025-10-28T01:45:00.000Z,4137.99,4142.35,4135.15,4137.36,573.19882
1761616800000,2025-10-28T02:00:00.000Z,4137.4,4142.12,4125.01,4126.09,625.789216
1761617700000,2025-10-28T02:15:00.000Z,4126.08,4129.4,4111.07,4118.84,2552.008668
1761618600000,2025-10-28T02:30:00.000Z,4118.83,4121.84,4113.16,4113.35,648.796681
1761619500000,2025-10-28T02:45:00.000Z,4113.36,4115.46,4074.14,4095.64,5558.764996
1761620400000,2025-10-28T03:00:00.000Z,4095.63,4101.13,4067.15,4073.9,2932.799338
1761621300000,2025-10-28T03:15:00.000Z,4073.88,4096.38,4073.42,4095.93,1546.722963
1761622200000,2025-10-28T03:30:00.000Z,4095.93,4096.16,4080.95,4089.11,710.602832
1761623100000,2025-10-28T03:45:00.000Z,4089.11,4095.99,4084.21,4094.37,726.726312
1761624000000,2025-10-28T04:00:00.000Z,4094.36,4101.44,4088.02,4100.8,837.359892
1761624900000,2025-10-28T04:15:00.000Z,4100.8,4105.41,4096.38,4097.84,875.175091
1761625800000,2025-10-28T04:30:00.000Z,4097.83,4105,4093.51,4097.8,441.63344
1761626700000,2025-10-28T04:45:00.000Z,4097.79,4106.84,4097.1,4100.01,330.413797
1761627600000,2025-10-28T05:00:00.000Z,4100.02,4104.27,4092.42,4092.99,520.799872
1761628500000,2025-10-28T05:15:00.000Z,4092.99,4100.24,4089.34,4098.47,647.678598
1761629400000,2025-10-28T05:30:00.000Z,4098.36,4098.36,4082.62,4082.62,587.113298
1761630300000,2025-10-28T05:45:00.000Z,4082.62,4082.64,4066,4068.39,3131.377895
1761631200000,2025-10-28T06:00:00.000Z,4068.4,4081.96,4068.01,4079.3,609.42819
1761632100000,2025-10-28T06:15:00.000Z,4079.3,4086.88,4077.38,4085.8,908.423761
1761633000000,2025-10-28T06:30:00.000Z,4085.48,4098.99,4082.02,4098.84,766.071027
1761633900000,2025-10-28T06:45:00.000Z,4098.83,4114.93,4098.74,4113.54,1645.841393
1761634800000,2025-10-28T07:00:00.000Z,4113.55,4127,4112.14,4117.2,1969.352734
1761635700000,2025-10-28T07:15:00.000Z,4117.19,4123.81,4110,4121.07,1354.348521
1761636600000,2025-10-28T07:30:00.000Z,4121.06,4125.53,4116.33,4123.45,942.390245
1761637500000,2025-10-28T07:45:00.000Z,4123.44,4125.62,4113.98,4117.12,761.844949
1761638400000,2025-10-28T08:00:00.000Z,4117.12,4121.17,4108.39,4111.12,803.235553
1761639300000,2025-10-28T08:15:00.000Z,4111.11,4133,4111.11,4127.59,1103.377013
1761640200000,2025-10-28T08:30:00.000Z,4127.6,4135.21,4126.29,4133.82,744.594134
1761641100000,2025-10-28T08:45:00.000Z,4133.84,4136,4121.97,4123.75,846.914226
1761642000000,2025-10-28T09:00:00.000Z,4123.76,4129.86,4112.31,4117.46,1251.881389
1761642900000,2025-10-28T09:15:00.000Z,4117.48,4119.96,4103.42,4105.26,849.848946
1761643800000,2025-10-28T09:30:00.000Z,4105.24,4125.7,4104.64,4120.79,1289.607388
1761644700000,2025-10-28T09:45:00.000Z,4120.8,4125.58,4114.72,4123.05,424.910589
1761645600000,2025-10-28T10:00:00.000Z,4123.05,4125.11,4111.29,4115.99,515.054665
1761646500000,2025-10-28T10:15:00.000Z,4115.99,4122.69,4111.01,4120.02,571.314128
1761647400000,2025-10-28T10:30:00.000Z,4120.01,4120.01,4108.68,4113.61,467.453522
1761648300000,2025-10-28T10:45:00.000Z,4113.61,4119.4,4113.14,4118.31,334.703881
1761649200000,2025-10-28T11:00:00.000Z,4118.31,4118.68,4110.84,4116.11,364.779819
1761650100000,2025-10-28T11:15:00.000Z,4116.12,4125.93,4115.5,4120.58,490.923539
1761651000000,2025-10-28T11:30:00.000Z,4120.58,4127.91,4118.01,4120.53,706.977228
1761651900000,2025-10-28T11:45:00.000Z,4120.34,4120.56,4108.76,4112.22,587.326866
1761652800000,2025-10-28T12:00:00.000Z,4112.21,4115.3,4107.5,4113.38,664.09544
1761653700000,2025-10-28T12:15:00.000Z,4113.38,4113.38,4097.45,4104.1,1459.469935
1761654600000,2025-10-28T12:30:00.000Z,4104.1,4115.52,4100.71,4114.85,792.477873
1761655500000,2025-10-28T12:45:00.000Z,4114.63,4126.27,4113.24,4122.1,1257.036172
1761656400000,2025-10-28T13:00:00.000Z,4122.21,4139.4,4121.33,4130.95,1349.171853
1761657300000,2025-10-28T13:15:00.000Z,4130.95,4156.06,4130.95,4142.01,3271.361396
1761658200000,2025-10-28T13:30:00.000Z,4142,4153.8,4131.93,4153.8,1557.002464
1761659100000,2025-10-28T13:45:00.000Z,4153.8,4167.91,4149.15,4158.97,4090.651872
1761660000000,2025-10-28T14:00:00.000Z,4159.05,4166.33,4143.6,4165.3,2196.038342
1761660900000,2025-10-28T14:15:00.000Z,4165.37,4175.78,4147.29,4159.61,2875.602712
1761661800000,2025-10-28T14:30:00.000Z,4159.61,4165.38,4102.6,4107.79,4511.707495
1761662700000,2025-10-28T14:45:00.000Z,4107.78,4127.18,4070,4119.31,7623.612181
1761663600000,2025-10-28T15:00:00.000Z,4119.39,4141.64,4116.15,4137.39,3628.223413
1761664500000,2025-10-28T15:15:00.000Z,4137.38,4137.38,4112.14,4113.12,1985.975998
1761665400000,2025-10-28T15:30:00.000Z,4113.02,4115.59,4087.51,4089.67,2190.722081
1761666300000,2025-10-28T15:45:00.000Z,4089.67,4107.48,4089.67,4097.25,1525.168303
1761667200000,2025-10-28T16:00:00.000Z,4097.24,4110.2,4095,4105.98,844.314734
1761668100000,2025-10-28T16:15:00.000Z,4105.97,4121.41,4093.46,4114.89,2553.926718
1761669000000,2025-10-28T16:30:00.000Z,4114.9,4133.33,4113.16,4120.99,3376.988218
1761669900000,2025-10-28T16:45:00.000Z,4121,4141.01,4121,4134.91,1863.044693
1761670800000,2025-10-28T17:00:00.000Z,4134.91,4146.81,4130.71,4140.22,863.08459
1761671700000,2025-10-28T17:15:00.000Z,4140.23,4147.45,4133.34,4136.14,562.969165
1761672600000,2025-10-28T17:30:00.000Z,4136.21,4147.16,4121.7,4140.64,1450.412802
1761673500000,2025-10-28T17:45:00.000Z,4140.62,4144.99,4134,4140.39,535.574087
1761674400000,2025-10-28T18:00:00.000Z,4140.4,4147.46,4128.4,4146.76,1001.032667
1761675300000,2025-10-28T18:15:00.000Z,4146.76,4151.42,4121.42,4127.31,994.306016
1761676200000,2025-10-28T18:30:00.000Z,4127.3,4136,4107.18,4108.94,1441.489687
1761677100000,2025-10-28T18:45:00.000Z,4108.94,4118.17,4104.38,4115.3,1086.651028
1761678000000,2025-10-28T19:00:00.000Z,4115.3,4118.62,4103.6,4103.6,1181.109111
1761678900000,2025-10-28T19:15:00.000Z,4103.6,4103.75,4052.12,4055.42,8243.958717
1761679800000,2025-10-28T19:30:00.000Z,4055.34,4075.95,4050,4062.24,3602.944335
1761680700000,2025-10-28T19:45:00.000Z,4062.24,4063.68,4027.01,4039.34,5954.644853
1761681600000,2025-10-28T20:00:00.000Z,4039.13,4042.67,3996.44,4001.92,6508.53557
1761682500000,2025-10-28T20:15:00.000Z,4001.92,4010.65,3967.4,3968.71,8823.473701
1761683400000,2025-10-28T20:30:00.000Z,3968.66,3999,3959.91,3979.62,3858.87863
1761684300000,2025-10-28T20:45:00.000Z,3979.51,3988.57,3968.2,3979.51,2349.345999
1761685200000,2025-10-28T21:00:00.000Z,3979.52,3979.94,3931.03,3962.7,7783.661667
1761686100000,2025-10-28T21:15:00.000Z,3962.66,3969.09,3952,3960.22,2041.183381
1761687000000,2025-10-28T21:30:00.000Z,3960.19,3987.79,3956.53,3984.43,1872.33411
1761687900000,2025-10-28T21:45:00.000Z,3984.43,3992,3978.38,3982.91,1280.572883
1761688800000,2025-10-28T22:00:00.000Z,3982.91,3990.85,3972.53,3978.44,2235.150367
1761689700000,2025-10-28T22:15:00.000Z,3978.31,3993.93,3976.07,3993.92,1142.576265
1761690600000,2025-10-28T22:30:00.000Z,3993.93,3998.64,3984.37,3994.76,2128.662413
1761691500000,2025-10-28T22:45:00.000Z,3994.76,4000.45,3991.7,3995,1193.060378
1761692400000,2025-10-28T23:00:00.000Z,3995.01,3996.39,3981.56,3984.61,1862.931207
1761693300000,2025-10-28T23:15:00.000Z,3984.62,3990.47,3977,3980.38,702.543309
1761694200000,2025-10-28T23:30:00.000Z,3980.37,3992.84,3978.12,3983,1296.482218
1761695100000,2025-10-28T23:45:00.000Z,3982.72,3987.33,3978.9,3979.72,782.772951
1761696000000,2025-10-29T00:00:00.000Z,3979.71,3985.6,3973.46,3985.49,1318.245067
1761696900000,2025-10-29T00:15:00.000Z,3985.33,3989.4,3979.52,3987.97,635.538578
1761697800000,2025-10-29T00:30:00.000Z,3987.99,3993.25,3981.45,3982.81,656.099302
1761698700000,2025-10-29T00:45:00.000Z,3982.97,3982.97,3968.24,3973.02,1768.559949
1761699600000,2025-10-29T01:00:00.000Z,3973.01,3979.9,3964,3974.8,877.404768
1761700500000,2025-10-29T01:15:00.000Z,3974.96,3982.27,3967,3970.81,1358.760302
1761701400000,2025-10-29T01:30:00.000Z,3970.81,4009.93,3970.81,3994.83,2933.265283
1761702300000,2025-10-29T01:45:00.000Z,3994.98,3994.98,3975.1,3982.86,1427.792315
1761703200000,2025-10-29T02:00:00.000Z,3982.86,3987.99,3980.79,3985.67,739.743349
1761704100000,2025-10-29T02:15:00.000Z,3985.62,3997.24,3981.47,3995.01,1315.388309
1761705000000,2025-10-29T02:30:00.000Z,3995,3999.18,3990.93,3997.04,477.728426
1761705900000,2025-10-29T02:45:00.000Z,3997.03,4004.8,3994.99,4002.95,725.519855
1761706800000,2025-10-29T03:00:00.000Z,4002.89,4003.11,3985.89,3995.3,993.805101
1761707700000,2025-10-29T03:15:00.000Z,3995.29,4000.69,3988.05,3992.34,831.437662
1761708600000,2025-10-29T03:30:00.000Z,3992.34,4001,3992.03,3998.97,665.989733
1761709500000,2025-10-29T03:45:00.000Z,3998.99,4002.61,3996.45,3998.14,356.577158
1761710400000,2025-10-29T04:00:00.000Z,3998.14,4006.65,3996.21,4006.64,573.090292
1761711300000,2025-10-29T04:15:00.000Z,4006.64,4011.26,4005.62,4010.81,825.717641
1761712200000,2025-10-29T04:30:00.000Z,4010.81,4020.33,4010,4012.85,1197.761305
1761713100000,2025-10-29T04:45:00.000Z,4012.83,4017.82,4012.83,4013.37,412.726137
1761714000000,2025-10-29T05:00:00.000Z,4013.37,4020.27,4012.34,4015.85,778.102519
1761714900000,2025-10-29T05:15:00.000Z,4015.86,4025.48,4015.86,4022.19,1440.352032
1761715800000,2025-10-29T05:30:00.000Z,4022.4,4036.5,4018.59,4031.47,2533.01282
1761716700000,2025-10-29T05:45:00.000Z,4031.46,4035.49,4025.01,4026.63,999.874591
1761717600000,2025-10-29T06:00:00.000Z,4026.63,4036.98,4024.29,4028.98,2181.359216
1761718500000,2025-10-29T06:15:00.000Z,4028.97,4031.09,4024.22,4027.62,1792.902963
1761719400000,2025-10-29T06:30:00.000Z,4027.43,4031.38,4015.25,4018.9,1316.637377
1761720300000,2025-10-29T06:45:00.000Z,4018.91,4029.87,4018.91,4024.55,732.451257
1761721200000,2025-10-29T07:00:00.000Z,4024.54,4024.74,4019.37,4021.23,685.885353
1761722100000,2025-10-29T07:15:00.000Z,4021.23,4031,4019.25,4029.61,1269.180969
1761723000000,2025-10-29T07:30:00.000Z,4029.61,4030.09,4012.64,4015.68,2359.214795
1761723900000,2025-10-29T07:45:00.000Z,4015.68,4027.5,4012,4024.83,1497.627243
1761724800000,2025-10-29T08:00:00.000Z,4024.84,4028,4012.27,4012.27,1136.878009
1761725700000,2025-10-29T08:15:00.000Z,4012.4,4020.36,4012.4,4018.5,956.395563
1761726600000,2025-10-29T08:30:00.000Z,4018.5,4020.36,4004.13,4007.35,1083.553525